{
  "properties": {
    "connectionReferences": {
      "shared_commondataserviceforapps": {
        "api": {
          "name": "shared_commondataserviceforapps"
        },
        "connection": {
          "connectionReferenceLogicalName": "new_sharedcommondataserviceforapps_d73dd"
        },
        "runtimeSource": "embedded"
      }
    },
    "definition": {
      "$schema": "https://schema.management.azure.com/providers/Microsoft.Logic/schemas/2016-06-01/workflowdefinition.json#",
      "contentVersion": "1.0.0.0",
      "parameters": {
        "$authentication": {
          "defaultValue": {},
          "type": "SecureObject"
        },
        "$connections": {
          "defaultValue": {},
          "type": "Object"
        }
      },
      "triggers": {
        "manual": {
          "type": "Request",
          "kind": "Button",
          "inputs": {
            "schema": {
              "type": "object",
              "properties": {},
              "required": []
            }
          },
          "metadata": {
            "operationMetadataId": "37462ce3-7189-4e10-8480-8774fb628557"
          }
        }
      },
      "actions": {
        "Initialize_variable_GroupIds": {
          "type": "InitializeVariable",
          "inputs": {
            "variables": [
              {
                "name": "GroupIds",
                "type": "array",
                "value": [
                  "0ef5dc15-0d02-4f8c-8ca6-72bcff871524",
                  "74bc3edd-5332-42a0-bee4-bdd0b28e019f",
                  "cabd421f-0cc4-456a-8519-c1b58ce34566",
                  "186b132d-0706-4c05-a128-2a9bd1930bda",
                  "11a97d98-c0ed-4309-a5f1-8e0add9f546f",
                  "fb28765c-b957-474b-8366-2f9dd5786a24",
                  "b82daeb0-2c00-4d53-890b-fdd1a92bd3d3"
                ]
              }
            ]
          },
          "runAfter": {},
          "metadata": {
            "operationMetadataId": "f68c3cfe-e88e-4801-9fec-adae1e8f46c5"
          }
        },
        "HTTP_-_Get_Token": {
          "type": "Http",
          "inputs": {
            "uri": "https://login.microsoftonline.com/9a5cacd0-2bef-4dd7-ac5c-7ebe1f54f495/oauth2/v2.0/token",
            "method": "POST",
            "headers": {
              "Content-Type": "application/x-www-form-urlencoded"
            },
            "body": "@{concat(\r\n  'client_id=28d48667-10ad-4563-93c3-499438dafbab',\r\n  '&client_secret=iUb8Q~v6_N_C41FVhk7kIarErqlH7ulV4FVWCbVq',\r\n  '&scope=https%3A%2F%2Fgraph.microsoft.com%2F.default',\r\n  '&grant_type=client_credentials'\r\n)\r\n}\n"
          },
          "runAfter": {
            "Initialize_variable_GroupIds": [
              "Succeeded"
            ]
          },
          "metadata": {
            "operationMetadataId": "0ef2ffd6-d2e9-4486-b7df-463b74e8755e"
          }
        },
        "Parse_JSON_Token": {
          "type": "ParseJson",
          "inputs": {
            "content": "@body('HTTP_-_Get_Token')",
            "schema": {
              "type": "object",
              "properties": {
                "token_type": {
                  "type": "string"
                },
                "expires_in": {
                  "type": "integer"
                },
                "ext_expires_in": {
                  "type": "integer"
                },
                "access_token": {
                  "type": "string"
                }
              }
            }
          },
          "runAfter": {
            "HTTP_-_Get_Token": [
              "Succeeded"
            ]
          },
          "metadata": {
            "operationMetadataId": "5488a2eb-6bab-4b78-a741-a033d03f0e0c"
          }
        },
        "Initialize_variable_ReportNextLink": {
          "type": "InitializeVariable",
          "inputs": {
            "variables": [
              {
                "name": "ReportNextLink",
                "type": "string",
                "value": "https://graph.microsoft.com/beta/reports/authenticationMethods/userRegistrationDetails?$top=36000"
              }
            ]
          },
          "runAfter": {
            "Initialize_variable_varDisplayName": [
              "Succeeded"
            ]
          },
          "metadata": {
            "operationMetadataId": "d8e7e1b5-7afc-48d9-9339-a5522b4d9024"
          }
        },
        "Initialize_variable_ReportRows": {
          "type": "InitializeVariable",
          "inputs": {
            "variables": [
              {
                "name": "ReportRows",
                "type": "array",
                "value": []
              }
            ]
          },
          "runAfter": {
            "Initialize_variable_ReportPreviousLink": [
              "Succeeded"
            ]
          },
          "metadata": {
            "operationMetadataId": "ab103051-95e4-4eb0-88fa-a90e08d122b6"
          }
        },
        "Initialize_variable_UserArray": {
          "type": "InitializeVariable",
          "inputs": {
            "variables": [
              {
                "name": "UserArray",
                "type": "array",
                "value": []
              }
            ]
          },
          "runAfter": {
            "Initialize_variable_ReportRows": [
              "Succeeded"
            ]
          },
          "metadata": {
            "operationMetadataId": "a2ed3a4d-fa18-4a24-9af1-20ac355edbaa"
          }
        },
        "Initialize_variable_NextLink": {
          "type": "InitializeVariable",
          "inputs": {
            "variables": [
              {
                "name": "nextlink",
                "type": "string"
              }
            ]
          },
          "runAfter": {
            "Initialize_variable_UserArray": [
              "Succeeded"
            ]
          },
          "metadata": {
            "operationMetadataId": "efb14bc4-15a3-4fa8-a789-d269918e33aa"
          }
        },
        "Initialize_variable_varUserId": {
          "type": "InitializeVariable",
          "inputs": {
            "variables": [
              {
                "name": "varUserId",
                "type": "string"
              }
            ]
          },
          "runAfter": {
            "Parse_JSON_Token": [
              "Succeeded"
            ]
          },
          "metadata": {
            "operationMetadataId": "0979a4c8-c99d-42b0-9ad3-664a98061db0"
          }
        },
        "Initialize_variable_varUPN": {
          "type": "InitializeVariable",
          "inputs": {
            "variables": [
              {
                "name": "varUPN",
                "type": "string"
              }
            ]
          },
          "runAfter": {
            "Initialize_variable_varUserId": [
              "Succeeded"
            ]
          },
          "metadata": {
            "operationMetadataId": "5aa5f8dd-2eea-4fa5-842c-b159438ba8f4"
          }
        },
        "Initialize_variable_varDisplayName": {
          "type": "InitializeVariable",
          "inputs": {
            "variables": [
              {
                "name": "varDisplayName",
                "type": "string"
              }
            ]
          },
          "runAfter": {
            "Initialize_variable_varUPN": [
              "Succeeded"
            ]
          },
          "metadata": {
            "operationMetadataId": "9b134fe0-dc89-4300-9cd6-ca6c33c35e5a"
          }
        },
        "Apply_to_each_MFA_Report_Row": {
          "type": "Foreach",
          "foreach": "@take(variables('ReportRows'), 36000)",
          "actions": {
            "List_rows": {
              "type": "OpenApiConnection",
              "inputs": {
                "parameters": {
                  "entityName": "new_mfadatas",
                  "$select": "new_mfadataid",
                  "$filter": "@concat('new_userid eq ''', item()?['id'], '''')",
                  "$top": 1
                },
                "host": {
                  "apiId": "/providers/Microsoft.PowerApps/apis/shared_commondataserviceforapps",
                  "operationId": "ListRecords",
                  "connectionName": "shared_commondataserviceforapps"
                }
              },
              "metadata": {
                "operationMetadataId": "5822f981-dfa0-42dc-91e3-b06375952b29"
              }
            },
            "Condition": {
              "type": "If",
              "expression": {
                "and": [
                  {
                    "greater": [
                      "@length(body('List_rows')?['value'])",
                      0
                    ]
                  }
                ]
              },
              "actions": {
                "Update_a_row": {
                  "type": "OpenApiConnection",
                  "inputs": {
                    "parameters": {
                      "entityName": "new_mfadatas",
                      "recordId": "@first(outputs('List_rows')?['body/value'])?['new_mfadataid']",
                      "item/new_userprinciplename": "@items('Apply_to_each_MFA_Report_Row')?['userPrincipalName']",
                      "item/new_defaultmethod": "@items('Apply_to_each_MFA_Report_Row')?['defaultMfaMethod']",
                      "item/new_displayname": "@items('Apply_to_each_MFA_Report_Row')?['userDisplayName']",
                      "item/new_email": "@if(\r\n  contains(items('Apply_to_each_MFA_Report_Row')?['userPrincipalName'], '#EXT#@esait.onmicrosoft.com'),\r\n  replace(items('Apply_to_each_MFA_Report_Row')?['userPrincipalName'], '#EXT#@esait.onmicrosoft.com', ''),\r\n  items('Apply_to_each_MFA_Report_Row')?['userPrincipalName']\r\n)",
                      "item/new_ismfaregistered": "@items('Apply_to_each_MFA_Report_Row')?['isMfaRegistered']",
                      "item/new_methodsregistered": "@\r\nsubstring(\r\n  join(items('Apply_to_each_MFA_Report_Row')?['methodsRegistered'], ', '),\r\n  0,\r\n  min(\r\n    99,\r\n    length(join(items('Apply_to_each_MFA_Report_Row')?['methodsRegistered'], ', '))\r\n  )\r\n)\r\n",
                      "item/new_mfaregistrationstatus": "@if(\r\n  empty(item()?['mfaRegistrationStatus']),\r\n  null,\r\n  item()?['mfaRegistrationStatus']\r\n)",
                      "item/new_userid": "@items('Apply_to_each_MFA_Report_Row')?['id']"
                    },
                    "host": {
                      "apiId": "/providers/Microsoft.PowerApps/apis/shared_commondataserviceforapps",
                      "operationId": "UpdateOnlyRecord",
                      "connectionName": "shared_commondataserviceforapps"
                    }
                  },
                  "metadata": {
                    "operationMetadataId": "645b7953-1d28-4d23-b0ac-eebbabdb29a4"
                  }
                }
              },
              "else": {
                "actions": {
                  "Add_a_new_MFA_row": {
                    "type": "OpenApiConnection",
                    "inputs": {
                      "parameters": {
                        "entityName": "new_mfadatas",
                        "item/new_userprinciplename": "@item()?['userPrincipalName']",
                        "item/new_defaultmethod": "@item()?['defaultMfaMethod']",
                        "item/new_displayname": "@item()?['userDisplayName']",
                        "item/new_email": "@if(\r\n  contains(item()?['userPrincipalName'], '#EXT#@esait.onmicrosoft.com'),\r\n  replace(\r\n    first(split(item()?['userPrincipalName'], '#EXT#@esait.onmicrosoft.com')),\r\n    '_',\r\n    '@'\r\n  ),\r\n  item()?['userPrincipalName']\r\n)",
                        "item/new_ismfaregistered": "@item()?['isMfaRegistered']",
                        "item/new_methodsregistered": "@\r\nsubstring(\r\n  join(items('Apply_to_each_MFA_Report_Row')?['methodsRegistered'], ', '),\r\n  0,\r\n  min(\r\n    99,\r\n    length(join(items('Apply_to_each_MFA_Report_Row')?['methodsRegistered'], ', '))\r\n  )\r\n)\r\n",
                        "item/new_mfaregistrationstatus": "@if(\r\n  empty(item()?['mfaRegistrationStatus']),\r\n  null,\r\n  item()?['mfaRegistrationStatus']\r\n)",
                        "item/new_userid": "@item()?['id']"
                      },
                      "host": {
                        "apiId": "/providers/Microsoft.PowerApps/apis/shared_commondataserviceforapps",
                        "operationId": "CreateRecord",
                        "connectionName": "shared_commondataserviceforapps"
                      }
                    },
                    "metadata": {
                      "operationMetadataId": "d4638206-f666-4f11-9e04-6c7f9bfa8342"
                    }
                  }
                }
              },
              "runAfter": {
                "List_rows": [
                  "Succeeded"
                ]
              },
              "metadata": {
                "operationMetadataId": "b5d8032e-3fdb-47c5-96f9-0151ba174a29"
              }
            }
          },
          "runAfter": {
            "Compose_Length_ReportRows": [
              "Succeeded"
            ]
          },
          "metadata": {
            "operationMetadataId": "ffd296fe-4861-4406-a074-6e74a36738b0"
          }
        },
        "Compose_Length_ReportRows": {
          "type": "Compose",
          "inputs": "@length(variables('ReportRows'))",
          "runAfter": {
            "Do_until": [
              "Succeeded"
            ]
          },
          "metadata": {
            "operationMetadataId": "15dc4aa2-eec8-4d4a-81ce-6394a2df7c82"
          }
        },
        "Do_until": {
          "type": "Until",
          "expression": "@or(equals(variables('ReportNextLink'), ''), equals(variables('ReportNextLink'), variables('ReportPreviousLink')))",
          "limit": {
            "count": 60,
            "timeout": "PT1H"
          },
          "actions": {
            "HTTP_Get_Report_Page_1": {
              "type": "Http",
              "description": "- have to grab all users from group each time as cannot filter on date field",
              "inputs": {
                "uri": "@variables('ReportNextLink')",
                "method": "GET",
                "headers": {
                  "Authorization": "Bearer @{body('Parse_JSON_Token')?['access_token']}"
                }
              },
              "runtimeConfiguration": {
                "paginationPolicy": {
                  "minimumItemCount": 1000
                }
              },
              "metadata": {
                "operationMetadataId": "292f4097-21fb-45b7-8365-507de7f7ad4d"
              }
            },
            "Apply_to_each_ReportValue": {
              "type": "Foreach",
              "foreach": "@outputs('HTTP_Get_Report_Page_1')?['body']?['value']",
              "actions": {
                "Append_to_array_variable": {
                  "type": "AppendToArrayVariable",
                  "inputs": {
                    "name": "ReportRows",
                    "value": "@item()"
                  },
                  "metadata": {
                    "operationMetadataId": "424a6d45-45ab-4a85-a9f5-a7579a0d8d8b"
                  }
                }
              },
              "runAfter": {
                "HTTP_Get_Report_Page_1": [
                  "Succeeded"
                ]
              },
              "metadata": {
                "operationMetadataId": "24a40784-5f76-411a-9d11-d57ba9485e57"
              }
            },
            "Set_variable_ReportPreviousLink": {
              "type": "SetVariable",
              "inputs": {
                "name": "ReportPreviousLink",
                "value": "@variables('ReportNextLink')"
              },
              "runAfter": {
                "Apply_to_each_ReportValue": [
                  "Succeeded"
                ]
              },
              "metadata": {
                "operationMetadataId": "06a04731-de1c-406e-bf47-fa4434aa527d"
              }
            },
            "Set_variable_ReportNextLink": {
              "type": "SetVariable",
              "inputs": {
                "name": "ReportNextLink",
                "value": "@coalesce(outputs('HTTP_Get_Report_Page_1')?['body']?['@odata.nextLink'], '')"
              },
              "runAfter": {
                "Set_variable_ReportPreviousLink": [
                  "Succeeded"
                ]
              },
              "metadata": {
                "operationMetadataId": "6c285e96-a682-4c71-bea1-27d3e0599aa1"
              }
            }
          },
          "runAfter": {
            "Initialize_variable_NextLink": [
              "Succeeded"
            ]
          },
          "metadata": {
            "operationMetadataId": "ab7730f0-cec7-4905-b6d4-00322a86b223"
          }
        },
        "Initialize_variable_ReportPreviousLink": {
          "type": "InitializeVariable",
          "inputs": {
            "variables": [
              {
                "name": "ReportPreviousLink",
                "type": "string"
              }
            ]
          },
          "runAfter": {
            "Initialize_variable_ReportNextLink": [
              "Succeeded"
            ]
          },
          "metadata": {
            "operationMetadataId": "6af4ffd0-411b-49bf-bbc4-410d0cda384f"
          }
        }
      },
      "description": "2025-07-25T00:00:00Z"
    },
    "templateName": null
  },
  "schemaVersion": "1.0.0.0"
}