{
  "properties": {
    "connectionReferences": {
      "shared_commondataserviceforapps": {
        "api": {
          "name": "shared_commondataserviceforapps"
        },
        "connection": {
          "connectionReferenceLogicalName": "new_sharedcommondataserviceforapps_d73dd"
        },
        "runtimeSource": "embedded"
      }
    },
    "definition": {
      "$schema": "https://schema.management.azure.com/providers/Microsoft.Logic/schemas/2016-06-01/workflowdefinition.json#",
      "contentVersion": "1.0.0.0",
      "parameters": {
        "$authentication": {
          "defaultValue": {},
          "type": "SecureObject"
        },
        "$connections": {
          "defaultValue": {},
          "type": "Object"
        }
      },
      "triggers": {
        "Recurrence": {
          "type": "Recurrence",
          "recurrence": {
            "interval": 1,
            "frequency": "Day",
            "schedule": {
              "hours": [
                "2"
              ],
              "minutes": [
                0
              ]
            }
          }
        }
      },
      "actions": {
        "Initialize_variable_GroupIds": {
          "type": "InitializeVariable",
          "inputs": {
            "variables": [
              {
                "name": "GroupIds",
                "type": "array",
                "value": [
                  "0ef5dc15-0d02-4f8c-8ca6-72bcff871524",
                  "74bc3edd-5332-42a0-bee4-bdd0b28e019f",
                  "cabd421f-0cc4-456a-8519-c1b58ce34566",
                  "186b132d-0706-4c05-a128-2a9bd1930bda",
                  "11a97d98-c0ed-4309-a5f1-8e0add9f546f",
                  "fb28765c-b957-474b-8366-2f9dd5786a24",
                  "b82daeb0-2c00-4d53-890b-fdd1a92bd3d3"
                ]
              }
            ]
          },
          "runAfter": {},
          "metadata": {
            "operationMetadataId": "f68c3cfe-e88e-4801-9fec-adae1e8f46c5"
          }
        },
        "HTTP_-_Get_Token": {
          "type": "Http",
          "inputs": {
            "uri": "https://login.microsoftonline.com/9a5cacd0-2bef-4dd7-ac5c-7ebe1f54f495/oauth2/v2.0/token",
            "method": "POST",
            "headers": {
              "Content-Type": "application/x-www-form-urlencoded"
            },
            "body": "@{concat(\r\n  'client_id=28d48667-10ad-4563-93c3-499438dafbab',\r\n  '&client_secret=iUb8Q~v6_N_C41FVhk7kIarErqlH7ulV4FVWCbVq',\r\n  '&scope=https%3A%2F%2Fgraph.microsoft.com%2F.default',\r\n  '&grant_type=client_credentials'\r\n)\r\n}\n"
          },
          "runAfter": {
            "Initialize_variable_GroupIds": [
              "Succeeded"
            ]
          },
          "metadata": {
            "operationMetadataId": "0ef2ffd6-d2e9-4486-b7df-463b74e8755e"
          }
        },
        "Parse_JSON_Token": {
          "type": "ParseJson",
          "inputs": {
            "content": "@body('HTTP_-_Get_Token')",
            "schema": {
              "type": "object",
              "properties": {
                "token_type": {
                  "type": "string"
                },
                "expires_in": {
                  "type": "integer"
                },
                "ext_expires_in": {
                  "type": "integer"
                },
                "access_token": {
                  "type": "string"
                }
              }
            }
          },
          "runAfter": {
            "HTTP_-_Get_Token": [
              "Succeeded"
            ]
          },
          "metadata": {
            "operationMetadataId": "5488a2eb-6bab-4b78-a741-a033d03f0e0c"
          }
        },
        "Initialize_variable_ReportRows": {
          "type": "InitializeVariable",
          "inputs": {
            "variables": [
              {
                "name": "ReportRows",
                "type": "array",
                "value": []
              }
            ]
          },
          "runAfter": {
            "Initialize_variable_varDisplayName": [
              "Succeeded"
            ]
          },
          "metadata": {
            "operationMetadataId": "ab103051-95e4-4eb0-88fa-a90e08d122b6"
          }
        },
        "Initialize_variable_UserArray": {
          "type": "InitializeVariable",
          "inputs": {
            "variables": [
              {
                "name": "UserArray",
                "type": "array",
                "value": []
              }
            ]
          },
          "runAfter": {
            "Initialize_variable_ReportRows": [
              "Succeeded"
            ]
          },
          "metadata": {
            "operationMetadataId": "a2ed3a4d-fa18-4a24-9af1-20ac355edbaa"
          }
        },
        "Initialize_variable_NextLink": {
          "type": "InitializeVariable",
          "inputs": {
            "variables": [
              {
                "name": "nextlink",
                "type": "string"
              }
            ]
          },
          "runAfter": {
            "Initialize_variable_UserArray": [
              "Succeeded"
            ]
          },
          "metadata": {
            "operationMetadataId": "efb14bc4-15a3-4fa8-a789-d269918e33aa"
          }
        },
        "Initialize_variable_varUserId": {
          "type": "InitializeVariable",
          "inputs": {
            "variables": [
              {
                "name": "varUserId",
                "type": "string"
              }
            ]
          },
          "runAfter": {
            "Parse_JSON_Token": [
              "Succeeded"
            ]
          },
          "metadata": {
            "operationMetadataId": "0979a4c8-c99d-42b0-9ad3-664a98061db0"
          }
        },
        "Initialize_variable_varUPN": {
          "type": "InitializeVariable",
          "inputs": {
            "variables": [
              {
                "name": "varUPN",
                "type": "string"
              }
            ]
          },
          "runAfter": {
            "Initialize_variable_varUserId": [
              "Succeeded"
            ]
          },
          "metadata": {
            "operationMetadataId": "5aa5f8dd-2eea-4fa5-842c-b159438ba8f4"
          }
        },
        "Initialize_variable_varDisplayName": {
          "type": "InitializeVariable",
          "inputs": {
            "variables": [
              {
                "name": "varDisplayName",
                "type": "string"
              }
            ]
          },
          "runAfter": {
            "Initialize_variable_varUPN": [
              "Succeeded"
            ]
          },
          "metadata": {
            "operationMetadataId": "9b134fe0-dc89-4300-9cd6-ca6c33c35e5a"
          }
        },
        "Apply_to_each_Group": {
          "type": "Foreach",
          "foreach": "@variables('GroupIds')",
          "actions": {
            "HTTP_Get_Group_Members": {
              "type": "Http",
              "description": "- have to grab all users from group each time as cannot filter on date field",
              "inputs": {
                "uri": "@concat('https://graph.microsoft.com/v1.0/groups/', item(), '/members?$select=id,userPrincipalName,displayName')",
                "method": "GET",
                "headers": {
                  "Authorization": "Bearer @{body('Parse_JSON_Token')?['access_token']}"
                }
              },
              "runtimeConfiguration": {
                "paginationPolicy": {
                  "minimumItemCount": 1000
                }
              },
              "metadata": {
                "operationMetadataId": "292f4097-21fb-45b7-8365-507de7f7ad4d"
              }
            },
            "Apply_to_each_Member": {
              "type": "Foreach",
              "foreach": "@outputs('HTTP_Get_Group_Members')?['body']?['value']",
              "actions": {
                "HTTP_Get_Each_Member": {
                  "type": "Http",
                  "description": "- have to grab all users from group each time as cannot filter on date field",
                  "inputs": {
                    "uri": "@concat('https://graph.microsoft.com/beta/reports/authenticationMethods/userRegistrationDetails/', items('Apply_to_each_Member')?['id'])",
                    "method": "GET",
                    "headers": {
                      "Authorization": "Bearer @{body('Parse_JSON_Token')?['access_token']}"
                    }
                  },
                  "metadata": {
                    "operationMetadataId": "292f4097-21fb-45b7-8365-507de7f7ad4d"
                  }
                },
                "Scope": {
                  "type": "Scope",
                  "actions": {
                    "Condition_1": {
                      "type": "If",
                      "expression": {
                        "and": [
                          {
                            "equals": [
                              "@outputs('HTTP_Get_Each_Member')?['statusCode']",
                              200
                            ]
                          }
                        ]
                      },
                      "actions": {
                        "List_rows": {
                          "type": "OpenApiConnection",
                          "inputs": {
                            "parameters": {
                              "entityName": "new_mfadatas",
                              "$select": "new_mfadataid",
                              "$filter": "@concat('new_userid eq ''', items('Apply_to_each_Member')?['id'], '''')",
                              "$top": 1
                            },
                            "host": {
                              "apiId": "/providers/Microsoft.PowerApps/apis/shared_commondataserviceforapps",
                              "operationId": "ListRecords",
                              "connectionName": "shared_commondataserviceforapps"
                            }
                          },
                          "metadata": {
                            "operationMetadataId": "5822f981-dfa0-42dc-91e3-b06375952b29"
                          }
                        },
                        "Condition_2": {
                          "type": "If",
                          "expression": {
                            "and": [
                              {
                                "greater": [
                                  "@length(body('List_rows')?['value'])",
                                  0
                                ]
                              }
                            ]
                          },
                          "actions": {
                            "Update_MFA": {
                              "type": "OpenApiConnection",
                              "inputs": {
                                "parameters": {
                                  "entityName": "new_mfadatas",
                                  "recordId": "@first(outputs('List_rows')?['body/value'])?['new_mfadataid']",
                                  "item/new_userprinciplename": "@items('Apply_to_each_Member')?['userPrincipalName']",
                                  "item/new_defaultmethod": "@outputs('HTTP_Get_Each_Member')?['body']?['defaultMfaMethod']",
                                  "item/new_email": "@if(\r\n  contains(items('Apply_to_each_Member')?['userPrincipalName'], '#EXT#@esait.onmicrosoft.com'),\r\n  replace(items('Apply_to_each_Member')?['userPrincipalName'], '#EXT#@esait.onmicrosoft.com', ''),\r\n  items('Apply_to_each_Member')?['userPrincipalName']\r\n)",
                                  "item/new_ismfaregistered": "@outputs('HTTP_Get_Each_Member')?['body']?['isMfaRegistered']",
                                  "item/new_methodsregistered": "@join(outputs('HTTP_Get_Each_Member')?['body']?['methodsRegistered'], ', ')",
                                  "item/new_mfaregistrationstatus": "@if(\r\n  empty(outputs('HTTP_Get_Each_Member')?['body']?['mfaRegistrationStatus']),\r\n  null,\r\n  outputs('HTTP_Get_Each_Member')?['body']?['mfaRegistrationStatus']\r\n)"
                                },
                                "host": {
                                  "apiId": "/providers/Microsoft.PowerApps/apis/shared_commondataserviceforapps",
                                  "operationId": "UpdateOnlyRecord",
                                  "connectionName": "shared_commondataserviceforapps"
                                }
                              },
                              "metadata": {
                                "operationMetadataId": "645b7953-1d28-4d23-b0ac-eebbabdb29a4"
                              }
                            }
                          },
                          "else": {
                            "actions": {
                              "Add_a_new_MFA_row": {
                                "type": "OpenApiConnection",
                                "inputs": {
                                  "parameters": {
                                    "entityName": "new_mfadatas",
                                    "item/new_userprinciplename": "@items('Apply_to_each_Member')?['userPrincipalName']",
                                    "item/new_defaultmethod": "@outputs('HTTP_Get_Each_Member')?['body']?['defaultMfaMethod']",
                                    "item/new_displayname": "@items('Apply_to_each_Member')?['displayName']",
                                    "item/new_email": "@if(contains(items('Apply_to_each_Member')?['userPrincipalName'], '#EXT#@esait.onmicrosoft.com'), replace(items('Apply_to_each_Member')?['userPrincipalName'], '#EXT#@esait.onmicrosoft.com', ''), items('Apply_to_each_Member')?['userPrincipalName'])",
                                    "item/new_ismfaregistered": "@outputs('HTTP_Get_Each_Member')?['body']?['isMfaRegistered']",
                                    "item/new_methodsregistered": "@join(outputs('HTTP_Get_Each_Member')?['body']?['methodsRegistered'], ', ')",
                                    "item/new_mfaregistrationstatus": "@if(empty(outputs('HTTP_Get_Each_Member')?['body']?['mfaRegistrationStatus']), null, outputs('HTTP_Get_Each_Member')?['body']?['mfaRegistrationStatus'])",
                                    "item/new_userid": "@items('Apply_to_each_Member')?['id']"
                                  },
                                  "host": {
                                    "apiId": "/providers/Microsoft.PowerApps/apis/shared_commondataserviceforapps",
                                    "operationId": "CreateRecord",
                                    "connectionName": "shared_commondataserviceforapps"
                                  }
                                },
                                "metadata": {
                                  "operationMetadataId": "d4638206-f666-4f11-9e04-6c7f9bfa8342"
                                }
                              }
                            }
                          },
                          "runAfter": {
                            "List_rows": [
                              "Succeeded"
                            ]
                          },
                          "metadata": {
                            "operationMetadataId": "b5d8032e-3fdb-47c5-96f9-0151ba174a29"
                          }
                        }
                      },
                      "else": {
                        "actions": {}
                      }
                    }
                  },
                  "runAfter": {
                    "HTTP_Get_Each_Member": [
                      "Succeeded"
                    ]
                  }
                }
              },
              "runAfter": {
                "HTTP_Get_Group_Members": [
                  "Succeeded"
                ]
              },
              "runtimeConfiguration": {
                "concurrency": {
                  "repetitions": 50
                }
              }
            }
          },
          "runAfter": {
            "Initialize_variable_NextLink": [
              "Succeeded"
            ]
          }
        }
      },
      "description": "2025-07-25T00:00:00Z"
    },
    "templateName": null
  },
  "schemaVersion": "1.0.0.0"
}