{
  "properties": {
    "connectionReferences": {},
    "definition": {
      "$schema": "https://schema.management.azure.com/providers/Microsoft.Logic/schemas/2016-06-01/workflowdefinition.json#",
      "contentVersion": "1.0.0.0",
      "parameters": {
        "$authentication": {
          "defaultValue": {},
          "type": "SecureObject"
        }
      },
      "triggers": {
        "Recurrence": {
          "recurrence": {
            "frequency": "Day",
            "interval": 1,
            "timeZone": "GMT Standard Time",
            "schedule": {
              "hours": [
                "3"
              ]
            }
          },
          "metadata": {
            "operationMetadataId": "a1f92220-94a7-4ea6-8ad7-07551370299f"
          },
          "type": "Recurrence"
        }
      },
      "actions": {
        "Compose": {
          "runAfter": {},
          "metadata": {
            "operationMetadataId": "2cee1af9-7be5-4bc1-ad8c-78873a4c8ab1"
          },
          "type": "Compose",
          "inputs": [
            "0ef5dc15-0d02-4f8c-8ca6-72bcff871524",
            "74bc3edd-5332-42a0-bee4-bdd0b28e019f",
            "cabd421f-0cc4-456a-8519-c1b58ce34566",
            "186b132d-0706-4c05-a128-2a9bd1930bda",
            "11a97d98-c0ed-4309-a5f1-8e0add9f546f",
            "fb28765c-b957-474b-8366-2f9dd5786a24",
            "b82daeb0-2c00-4d53-890b-fdd1a92bd3d3"
          ]
        },
        "Apply_to_each": {
          "foreach": "@outputs('Compose')",
          "actions": {
            "Run_a_Child_Flow": {
              "runAfter": {},
              "metadata": {
                "operationMetadataId": "12aa66da-dbc8-43b0-93f2-bfabda52fdbc"
              },
              "type": "Workflow",
              "inputs": {
                "host": {
                  "workflowReferenceName": "0c7ec187-5a66-f011-bec2-6045bd8714f7"
                },
                "body": {
                  "text": "@items('Apply_to_each')"
                }
              }
            }
          },
          "runAfter": {
            "Compose": [
              "Succeeded"
            ]
          },
          "metadata": {
            "operationMetadataId": "260c9cc7-f26a-484b-8632-37e1d70fa030"
          },
          "type": "Foreach"
        }
      }
    },
    "templateName": null
  },
  "schemaVersion": "1.0.0.0"
}