{
  "properties": {
    "connectionReferences": {
      "shared_commondataserviceforapps": {
        "runtimeSource": "embedded",
        "connection": {
          "connectionReferenceLogicalName": "new_sharedcommondataserviceforapps_b5bf7"
        },
        "api": {
          "name": "shared_commondataserviceforapps"
        }
      },
      "shared_office365": {
        "runtimeSource": "embedded",
        "connection": {
          "connectionReferenceLogicalName": "new_sharedoffice365_c8582"
        },
        "api": {
          "name": "shared_office365"
        }
      }
    },
    "definition": {
      "$schema": "https://schema.management.azure.com/providers/Microsoft.Logic/schemas/2016-06-01/workflowdefinition.json#",
      "contentVersion": "1.0.0.0",
      "parameters": {
        "$connections": {
          "defaultValue": {},
          "type": "Object"
        },
        "$authentication": {
          "defaultValue": {},
          "type": "SecureObject"
        }
      },
      "triggers": {
        "Recurrence": {
          "recurrence": {
            "frequency": "Day",
            "interval": 1,
            "timeZone": "GMT Standard Time",
            "schedule": {
              "hours": [
                "4"
              ]
            }
          },
          "metadata": {
            "operationMetadataId": "788d1718-7bb4-467a-bbe6-65ce5b53fd15"
          },
          "type": "Recurrence"
        }
      },
      "actions": {
        "Compose": {
          "runAfter": {},
          "metadata": {
            "operationMetadataId": "63fc8377-f543-4019-96a1-fd8b1a2f5d27"
          },
          "type": "Compose",
          "inputs": "client_id=28d48667-10ad-4563-93c3-499438dafbab&client_secret=iUb8Q~v6_N_C41FVhk7kIarErqlH7ulV4FVWCbVq&scope=https%3A%2F%2Fgraph.microsoft.com%2F.default&grant_type=client_credentials\n"
        },
        "Initialize_variable_UserArray": {
          "runAfter": {
            "Initialize_variable_NextLink": [
              "Succeeded"
            ]
          },
          "metadata": {
            "operationMetadataId": "a2ed3a4d-fa18-4a24-9af1-20ac355edbaa"
          },
          "type": "InitializeVariable",
          "inputs": {
            "variables": [
              {
                "name": "UserArray",
                "type": "array"
              }
            ]
          }
        },
        "Initialize_variable_NextLink": {
          "runAfter": {
            "Initialize_variable_LastRunDate": [
              "Succeeded"
            ]
          },
          "metadata": {
            "operationMetadataId": "efb14bc4-15a3-4fa8-a789-d269918e33aa"
          },
          "type": "InitializeVariable",
          "inputs": {
            "variables": [
              {
                "name": "nextlink",
                "type": "string"
              }
            ]
          }
        },
        "Do_until": {
          "actions": {
            "Parse_JSON_2": {
              "runAfter": {
                "Get_Row_Count": [
                  "Succeeded"
                ]
              },
              "metadata": {
                "operationMetadataId": "5fa23841-36c1-412d-80a8-dfaa6d47c2a3"
              },
              "type": "ParseJson",
              "inputs": {
                "content": "@body('HTTP_Do_the_actual_Query')",
                "schema": {
                  "type": "object",
                  "properties": {
                    "value": {
                      "type": "array",
                      "items": {
                        "type": "object",
                        "properties": {
                          "id": {
                            "type": "string"
                          },
                          "displayName": {
                            "type": "string"
                          },
                          "mail": {
                            "type": [
                              "string",
                              "null"
                            ]
                          },
                          "userPrincipalName": {
                            "type": "string"
                          },
                          "externalUserState": {
                            "type": [
                              "string",
                              "null"
                            ]
                          },
                          "externalUserStateChangeDateTime": {
                            "type": [
                              "string",
                              "null"
                            ]
                          },
                          "userType": {
                            "type": [
                              "string",
                              "null"
                            ]
                          }
                        }
                      }
                    },
                    "odata.nextLink": {
                      "type": [
                        "string",
                        "null"
                      ]
                    }
                  },
                  "required": [
                    "value"
                  ]
                }
              }
            },
            "Get_Row_Count": {
              "runAfter": {
                "HTTP_Do_the_actual_Query": [
                  "Succeeded"
                ]
              },
              "metadata": {
                "operationMetadataId": "f84c188b-aebf-4425-81cc-f8ccb56bff54"
              },
              "type": "Compose",
              "inputs": "@length(body('HTTP_Do_the_actual_Query')?['value'])\r\n"
            },
            "Apply_to_each": {
              "foreach": "@body('Filter_array_to_keep_only_new_ones')",
              "actions": {
                "Append_to_array_variable": {
                  "runAfter": {},
                  "metadata": {
                    "operationMetadataId": "fc05bed1-1532-4b6b-853c-ba9e47450fbe"
                  },
                  "type": "AppendToArrayVariable",
                  "inputs": {
                    "name": "UserArray",
                    "value": "@json(concat(\r\n  '{',\r\n    '\"id\":\"', coalesce(item()?['id'], ''), '\",',\r\n    '\"displayName\":\"', coalesce(item()?['displayName'], ''), '\",',\r\n    '\"mail\":\"', coalesce(item()?['mail'], ''), '\",',\r\n    '\"externalUserConvertedOn\":\"', coalesce(item()?['externalUserConvertedOn'], ''), '\",',\r\n    '\"externalUserState\":\"', coalesce(item()?['externalUserState'], ''), '\",',\r\n    '\"externalUserStateChangeDateTime\":\"', coalesce(item()?['externalUserStateChangeDateTime'], ''), '\"',\r\n  '}'\r\n))\r\n"
                  }
                },
                "Add_a_new_row_FlowProgressLog": {
                  "runAfter": {
                    "Append_to_array_variable": [
                      "Succeeded"
                    ]
                  },
                  "metadata": {
                    "operationMetadataId": "f0fbd318-4c11-4fb8-ace6-30e2207b9398"
                  },
                  "type": "OpenApiConnection",
                  "inputs": {
                    "host": {
                      "connectionName": "shared_commondataserviceforapps",
                      "operationId": "CreateRecord",
                      "apiId": "/providers/Microsoft.PowerApps/apis/shared_commondataserviceforapps"
                    },
                    "parameters": {
                      "entityName": "new_flowprogresslogs",
                      "item/new_runid": "@variables('runid')",
                      "item/new_details": "@variables('countvarArray')",
                      "item/new_stepname": "\"Apply to Each\"",
                      "item/new_timestamp": "@utcNow()"
                    },
                    "authentication": "@parameters('$authentication')"
                  }
                },
                "Increment_variable_countvar": {
                  "runAfter": {
                    "Add_a_new_row_FlowProgressLog": [
                      "Succeeded"
                    ]
                  },
                  "metadata": {
                    "operationMetadataId": "f82bbd18-96d6-4a6f-83f0-66a46e30d454"
                  },
                  "type": "IncrementVariable",
                  "inputs": {
                    "name": "countvarArray",
                    "value": 1
                  }
                }
              },
              "runAfter": {
                "Filter_array_to_keep_only_new_ones": [
                  "Succeeded"
                ]
              },
              "metadata": {
                "operationMetadataId": "ad93dc43-6910-4c0e-a450-0064c505b9de"
              },
              "type": "Foreach"
            },
            "Set_variable": {
              "runAfter": {
                "Apply_to_each": [
                  "Succeeded"
                ]
              },
              "metadata": {
                "operationMetadataId": "8a117218-5c30-4fc4-bbf8-b8e75c2832ad"
              },
              "type": "SetVariable",
              "inputs": {
                "name": "nextlink",
                "value": "@{body('Parse_JSON_2')?['@odata.nextLink']}"
              }
            },
            "Apply_to_each_2": {
              "foreach": "@variables('UserArray')",
              "actions": {
                "Condition": {
                  "actions": {
                    "Parse_JSON_MFA": {
                      "runAfter": {},
                      "metadata": {
                        "operationMetadataId": "a339b951-ceaf-42eb-99e5-44833112d2de"
                      },
                      "type": "ParseJson",
                      "inputs": {
                        "content": "@body('HTTP_Get_SignIns')?['value']?[0]",
                        "schema": {
                          "type": "object",
                          "properties": {
                            "status": {
                              "type": "object",
                              "properties": {
                                "additionalDetails": {
                                  "type": [
                                    "string",
                                    "null"
                                  ]
                                }
                              }
                            }
                          }
                        }
                      },
                      "description": "Parse MFA status from most recent sign-in"
                    },
                    "Set_MFA_Status": {
                      "runAfter": {
                        "Parse_JSON_MFA": [
                          "Succeeded"
                        ]
                      },
                      "metadata": {
                        "operationMetadataId": "fcb36a57-6544-45a9-accb-fc5aae75a22f"
                      },
                      "type": "SetVariable",
                      "inputs": {
                        "name": "MFAStatus",
                        "value": "@{if(\r\n    and(\r\n        not(empty(body('Parse_JSON_MFA')?['status']?['additionalDetails'])),\r\n        contains(body('Parse_JSON_MFA')?['status']?['additionalDetails'], 'MFA requirement satisfied')\r\n    ), \r\n    'Yes', \r\n    if(\r\n        and(\r\n            not(empty(body('Parse_JSON_MFA')?['status']?['additionalDetails'])),\r\n            contains(body('Parse_JSON_MFA')?['status']?['additionalDetails'], 'needs to perform multi-factor')\r\n        ), \r\n        'RequiredButNotCompleted', \r\n        'No'\r\n    )\r\n)\r\n}"
                      },
                      "description": "Set MFA status from parsed additionalDetails"
                    },
                    "Add_a_new_row": {
                      "runAfter": {
                        "Set_MFA_Status": [
                          "Succeeded"
                        ]
                      },
                      "metadata": {
                        "operationMetadataId": "a1ebf17c-9241-41a4-bbbe-8c7c674f017a"
                      },
                      "type": "OpenApiConnection",
                      "inputs": {
                        "host": {
                          "connectionName": "shared_commondataserviceforapps",
                          "operationId": "CreateRecord",
                          "apiId": "/providers/Microsoft.PowerApps/apis/shared_commondataserviceforapps"
                        },
                        "parameters": {
                          "entityName": "new_externalguestuserses",
                          "item/new_externalguestusers1": "@if(empty(items('Apply_to_each_2')?['displayName']), null, items('Apply_to_each_2')?['displayName'])\r\n",
                          "item/new_externaluserstate": "@if(empty(items('Apply_to_each_2')?['externalUserState']), null, items('Apply_to_each_2')?['externalUserState'])\r\n",
                          "item/new_externaluserstatechangedatetime": "@if(empty(items('Apply_to_each_2')?['externalUserStateChangeDateTime']), null, items('Apply_to_each_2')?['externalUserStateChangeDateTime'])",
                          "item/new_givenname": "@if(empty(items('Apply_to_each_2')?['givenName']), null, items('Apply_to_each_2')?['givenName'])\r\n",
                          "item/new_mail": "@if(empty(items('Apply_to_each_2')?['mail']), null, items('Apply_to_each_2')?['mail'])\r\n",
                          "item/new_mfastatus": "@if(empty(variables('MFAStatus')), null, variables('MFAStatus'))",
                          "item/new_surname": "@if(empty(items('Apply_to_each_2')?['surname']), null, items('Apply_to_each_2')?['surname'])\r\n",
                          "item/new_usertype": "@if(empty(items('Apply_to_each_2')?['userType']), null, items('Apply_to_each_2')?['userType'])\r\n"
                        },
                        "authentication": "@parameters('$authentication')"
                      }
                    }
                  },
                  "runAfter": {
                    "Increment_variable_countvarSignins": [
                      "Succeeded"
                    ]
                  },
                  "else": {
                    "actions": {
                      "Add_a_new_row_2": {
                        "runAfter": {},
                        "metadata": {
                          "operationMetadataId": "a1ebf17c-9241-41a4-bbbe-8c7c674f017a"
                        },
                        "type": "OpenApiConnection",
                        "inputs": {
                          "host": {
                            "connectionName": "shared_commondataserviceforapps",
                            "operationId": "CreateRecord",
                            "apiId": "/providers/Microsoft.PowerApps/apis/shared_commondataserviceforapps"
                          },
                          "parameters": {
                            "entityName": "new_externalguestuserses",
                            "item/new_externalguestusers1": "@if(empty(items('Apply_to_each_2')?['displayName']), null, items('Apply_to_each_2')?['displayName'])",
                            "item/new_externaluserstate": "@if(empty(items('Apply_to_each_2')?['externalUserState']), null, items('Apply_to_each_2')?['externalUserState'])",
                            "item/new_externaluserstatechangedatetime": "@if(empty(items('Apply_to_each_2')?['externalUserStateChangeDateTime']), null, items('Apply_to_each_2')?['externalUserStateChangeDateTime'])",
                            "item/new_givenname": "@if(empty(items('Apply_to_each_2')?['givenName']), null, items('Apply_to_each_2')?['givenName'])",
                            "item/new_mail": "@if(empty(items('Apply_to_each_2')?['mail']), null, items('Apply_to_each_2')?['mail'])",
                            "item/new_mfastatus": "\"Unknown\"",
                            "item/new_surname": "@if(empty(items('Apply_to_each_2')?['surname']), null, items('Apply_to_each_2')?['surname'])",
                            "item/new_usertype": "@if(empty(items('Apply_to_each_2')?['userType']), null, items('Apply_to_each_2')?['userType'])"
                          },
                          "authentication": "@parameters('$authentication')"
                        }
                      }
                    }
                  },
                  "expression": {
                    "greater": [
                      "@length(body('HTTP_Get_SignIns')?['value'])\r\n",
                      0
                    ]
                  },
                  "metadata": {
                    "operationMetadataId": "72c666bc-2a51-4db3-adb2-f582a9044526"
                  },
                  "type": "If"
                },
                "Get_SignIns": {
                  "runAfter": {
                    "HTTP_Get_SignIns": [
                      "Succeeded"
                    ]
                  },
                  "metadata": {
                    "operationMetadataId": "97a10948-08cf-4f73-8933-c3949af2b51a"
                  },
                  "type": "Compose",
                  "inputs": "@outputs('HTTP_Get_SignIns')"
                },
                "Add_a_new_row_FlowProgressLog_2": {
                  "runAfter": {
                    "Get_SignIns": [
                      "Succeeded"
                    ]
                  },
                  "metadata": {
                    "operationMetadataId": "51d6ab40-0aa5-4179-a292-4fb9deb7ee7e"
                  },
                  "type": "OpenApiConnection",
                  "inputs": {
                    "host": {
                      "connectionName": "shared_commondataserviceforapps",
                      "operationId": "CreateRecord",
                      "apiId": "/providers/Microsoft.PowerApps/apis/shared_commondataserviceforapps"
                    },
                    "parameters": {
                      "entityName": "new_flowprogresslogs",
                      "item/new_runid": "@variables('runid')",
                      "item/new_details": "@variables('countvarSignIns')",
                      "item/new_stepname": "\"Apply to Each 2 - GetSignins\"",
                      "item/new_timestamp": "@utcNow()"
                    },
                    "authentication": "@parameters('$authentication')"
                  }
                },
                "Increment_variable_countvarSignins": {
                  "runAfter": {
                    "Add_a_new_row_FlowProgressLog_2": [
                      "Succeeded"
                    ]
                  },
                  "metadata": {
                    "operationMetadataId": "1a9fee1a-f037-4384-8bb6-e3c3191eb8bb"
                  },
                  "type": "IncrementVariable",
                  "inputs": {
                    "name": "countvarSignIns",
                    "value": 1
                  }
                },
                "HTTP_Get_SignIns": {
                  "runAfter": {},
                  "metadata": {
                    "operationMetadataId": "0795cfc7-6bac-49bc-83f8-0e864bcc86fb"
                  },
                  "type": "Http",
                  "inputs": {
                    "method": "GET",
                    "uri": "@{concat(\r\n  'https://graph.microsoft.com/beta/auditLogs/signIns?$filter=userId eq ''',\r\n  items('Apply_to_each_2')?['id'],\r\n  '''&$orderby=createdDateTime desc&$top=1'\r\n)}",
                    "headers": {
                      "Authorization": "Bearer @{body('Parse_JSON_Token_2')?['access_token']}",
                      "Content-Type": "application/json"
                    }
                  },
                  "description": "Fetch last sign-in for MFA check"
                }
              },
              "runAfter": {
                "Parse_JSON_Token_2": [
                  "Succeeded"
                ]
              },
              "metadata": {
                "operationMetadataId": "161f93bf-ed23-4496-8bdd-cf59fffb6f6c"
              },
              "type": "Foreach",
              "runtimeConfiguration": {
                "concurrency": {
                  "repetitions": 20
                }
              }
            },
            "HTTP_Do_the_actual_Query": {
              "runAfter": {
                "Parse_JSON_Token": [
                  "Succeeded"
                ]
              },
              "metadata": {
                "operationMetadataId": "292f4097-21fb-45b7-8365-507de7f7ad4d"
              },
              "type": "Http",
              "inputs": {
                "method": "GET",
                "uri": "@{if(empty(variables('NextLink')), \r\n   'https://graph.microsoft.com/beta/groups/0ef5dc15-0d02-4f8c-8ca6-72bcff871524/members/microsoft.graph.user',\r\n   variables('NextLink')\r\n)\r\n}",
                "headers": {
                  "Authorization": "Bearer @{body('Parse_JSON_Token')?['access_token']}"
                }
              },
              "description": "- have to grab all users from group each time as cannot filter on date field",
              "runtimeConfiguration": {
                "paginationPolicy": {
                  "minimumItemCount": 1200
                }
              }
            },
            "HTTP_-_Get_Token": {
              "runAfter": {},
              "metadata": {
                "operationMetadataId": "0ef2ffd6-d2e9-4486-b7df-463b74e8755e"
              },
              "type": "Http",
              "inputs": {
                "method": "POST",
                "uri": "https://login.microsoftonline.com/9a5cacd0-2bef-4dd7-ac5c-7ebe1f54f495/oauth2/v2.0/token",
                "headers": {
                  "Content-Type": "application/x-www-form-urlencoded"
                },
                "body": "@{concat(\r\n  'client_id=28d48667-10ad-4563-93c3-499438dafbab',\r\n  '&client_secret=iUb8Q~v6_N_C41FVhk7kIarErqlH7ulV4FVWCbVq',\r\n  '&scope=https%3A%2F%2Fgraph.microsoft.com%2F.default',\r\n  '&grant_type=client_credentials'\r\n)\r\n}\n"
              }
            },
            "Parse_JSON_Token": {
              "runAfter": {
                "HTTP_-_Get_Token": [
                  "Succeeded"
                ]
              },
              "metadata": {
                "operationMetadataId": "5488a2eb-6bab-4b78-a741-a033d03f0e0c"
              },
              "type": "ParseJson",
              "inputs": {
                "content": "@body('HTTP_-_Get_Token')",
                "schema": {
                  "type": "object",
                  "properties": {
                    "token_type": {
                      "type": "string"
                    },
                    "expires_in": {
                      "type": "integer"
                    },
                    "ext_expires_in": {
                      "type": "integer"
                    },
                    "access_token": {
                      "type": "string"
                    }
                  }
                }
              }
            },
            "Filter_array_to_keep_only_new_ones": {
              "runAfter": {
                "Parse_JSON_2": [
                  "Succeeded"
                ]
              },
              "metadata": {
                "operationMetadataId": "4d5bd28b-7313-47f0-85fa-e13a4f5312b2"
              },
              "type": "Query",
              "inputs": {
                "from": "@body('Parse_JSON_2')['value']",
                "where": "@and(\n  not(empty(item()?['externalUserStateChangeDateTime'])),\n  greater(item()?['externalUserStateChangeDateTime'], variables('LastRunDate'))\n)\n"
              }
            },
            "HTTP_-_Get_Token_2": {
              "runAfter": {
                "Set_variable": [
                  "Succeeded"
                ]
              },
              "metadata": {
                "operationMetadataId": "0ef2ffd6-d2e9-4486-b7df-463b74e8755e"
              },
              "type": "Http",
              "inputs": {
                "method": "POST",
                "uri": "https://login.microsoftonline.com/9a5cacd0-2bef-4dd7-ac5c-7ebe1f54f495/oauth2/v2.0/token",
                "headers": {
                  "Content-Type": "application/x-www-form-urlencoded"
                },
                "body": "@{concat('client_id=28d48667-10ad-4563-93c3-499438dafbab', '&client_secret=iUb8Q~v6_N_C41FVhk7kIarErqlH7ulV4FVWCbVq', '&scope=https%3A%2F%2Fgraph.microsoft.com%2F.default', '&grant_type=client_credentials')}\n"
              }
            },
            "Parse_JSON_Token_2": {
              "runAfter": {
                "HTTP_-_Get_Token_2": [
                  "Succeeded"
                ]
              },
              "metadata": {
                "operationMetadataId": "5488a2eb-6bab-4b78-a741-a033d03f0e0c"
              },
              "type": "ParseJson",
              "inputs": {
                "content": "@body('HTTP_-_Get_Token')",
                "schema": {
                  "type": "object",
                  "properties": {
                    "token_type": {
                      "type": "string"
                    },
                    "expires_in": {
                      "type": "integer"
                    },
                    "ext_expires_in": {
                      "type": "integer"
                    },
                    "access_token": {
                      "type": "string"
                    }
                  }
                }
              }
            }
          },
          "runAfter": {
            "Set_variable_LastRunDate": [
              "Succeeded"
            ]
          },
          "expression": "@equals(empty(variables('nextLink')), true)",
          "limit": {
            "count": 60,
            "timeout": "PT1H"
          },
          "metadata": {
            "operationMetadataId": "4e9347b2-ba69-44c8-afbc-c8926345cefb"
          },
          "type": "Until"
        },
        "Initialize_variable_rowcount": {
          "runAfter": {
            "set_runid": [
              "Succeeded"
            ]
          },
          "metadata": {
            "operationMetadataId": "05e16f9e-32bc-4b4e-8afd-95b5167a68b6"
          },
          "type": "InitializeVariable",
          "inputs": {
            "variables": [
              {
                "name": "rowcount",
                "type": "integer",
                "value": 0
              }
            ]
          }
        },
        "Send_an_email_(V2)_-_Success": {
          "runAfter": {
            "Do_until": [
              "Succeeded"
            ]
          },
          "metadata": {
            "operationMetadataId": "7bd441bc-4935-4227-858a-6b16fffef170"
          },
          "type": "OpenApiConnection",
          "inputs": {
            "host": {
              "connectionName": "shared_office365",
              "operationId": "SendEmailV2",
              "apiId": "/providers/Microsoft.PowerApps/apis/shared_office365"
            },
            "parameters": {
              "emailMessage/To": "Mike.Kolling@ext.esa.int",
              "emailMessage/Subject": "Notify Success",
              "emailMessage/Body": "<p>Notify Success</p>",
              "emailMessage/Importance": "Normal"
            },
            "authentication": "@parameters('$authentication')"
          }
        },
        "Send_an_email_(V2)_-_Failure": {
          "runAfter": {
            "Send_an_email_(V2)_-_Success": [
              "Failed",
              "TimedOut"
            ]
          },
          "metadata": {
            "operationMetadataId": "fc2e1895-dd89-4147-b004-74ed2fd093a7"
          },
          "type": "OpenApiConnection",
          "inputs": {
            "host": {
              "connectionName": "shared_office365",
              "operationId": "SendEmailV2",
              "apiId": "/providers/Microsoft.PowerApps/apis/shared_office365"
            },
            "parameters": {
              "emailMessage/To": "Mike.Kolling@ext.esa.int",
              "emailMessage/Subject": "Notify Failure",
              "emailMessage/Body": "<p>Notify Failure</p>",
              "emailMessage/Importance": "Normal"
            },
            "authentication": "@parameters('$authentication')"
          }
        },
        "Compose_2": {
          "runAfter": {
            "List_rows": [
              "Succeeded"
            ]
          },
          "metadata": {
            "operationMetadataId": "f84c188b-aebf-4425-81cc-f8ccb56bff54"
          },
          "type": "Compose",
          "inputs": "@first(body('List_rows')?['value'])?['new_externaluserstatechangedatetime']\r\n\r\n"
        },
        "List_rows": {
          "runAfter": {
            "clear_flowprogresslogs_action": [
              "Succeeded"
            ]
          },
          "metadata": {
            "operationMetadataId": "4bb63bbf-0780-4e31-8177-94ef9be724ba"
          },
          "type": "OpenApiConnection",
          "inputs": {
            "host": {
              "connectionName": "shared_commondataserviceforapps",
              "operationId": "ListRecords",
              "apiId": "/providers/Microsoft.PowerApps/apis/shared_commondataserviceforapps"
            },
            "parameters": {
              "entityName": "new_externalguestuserses",
              "$select": "new_externaluserstatechangedatetime",
              "$orderby": "new_externaluserstatechangedatetime desc",
              "$top": 1
            },
            "authentication": "@parameters('$authentication')"
          }
        },
        "Initialize_variable_LastRunDate": {
          "runAfter": {
            "Initialize_variable_rowcount": [
              "Succeeded"
            ]
          },
          "metadata": {
            "operationMetadataId": "7ae6bc76-ad45-45cd-9628-87b326bf023d"
          },
          "type": "InitializeVariable",
          "inputs": {
            "variables": [
              {
                "name": "LastRunDate",
                "type": "string"
              }
            ]
          }
        },
        "Set_variable_LastRunDate": {
          "runAfter": {
            "Compose_2": [
              "Succeeded"
            ]
          },
          "metadata": {
            "operationMetadataId": "959e271e-9951-4fdb-98f3-c22f3a341382"
          },
          "type": "SetVariable",
          "inputs": {
            "name": "LastRunDate",
            "value": "@{formatDateTime(outputs('Compose_2'), 'yyyy-MM-ddTHH:mm:ssZ')\r\n}"
          }
        },
        "Initialize_MFAStatus": {
          "runAfter": {
            "Initialize_variable_UserArray": [
              "Succeeded"
            ]
          },
          "metadata": {
            "operationMetadataId": "688eca36-5641-4c63-945f-0a58b204634d"
          },
          "type": "InitializeVariable",
          "inputs": {
            "variables": [
              {
                "name": "MFAStatus",
                "type": "String",
                "value": ""
              }
            ]
          },
          "description": "Initialize MFAStatus variable"
        },
        "Initialize_variable_runid": {
          "runAfter": {
            "Compose": [
              "Succeeded"
            ]
          },
          "metadata": {
            "operationMetadataId": "9be8bf4a-1ce2-4d5e-a0ce-89f8f1bf296f"
          },
          "type": "InitializeVariable",
          "inputs": {
            "variables": [
              {
                "name": "runid",
                "type": "string"
              }
            ]
          }
        },
        "set_runid": {
          "runAfter": {
            "Initialize_variable_SignIns": [
              "Succeeded"
            ]
          },
          "metadata": {
            "operationMetadataId": "5bdc0f4a-ed4f-4097-93e8-2ae4ce977c0f"
          },
          "type": "SetVariable",
          "inputs": {
            "name": "runid",
            "value": "@{workflow()['run']['name']\r\n}"
          }
        },
        "Initialize_variable_countVarArray": {
          "runAfter": {
            "Initialize_variable_runid": [
              "Succeeded"
            ]
          },
          "metadata": {
            "operationMetadataId": "5578df33-26f6-4bf0-901a-7e9dcebec613"
          },
          "type": "InitializeVariable",
          "inputs": {
            "variables": [
              {
                "name": "countvarArray",
                "type": "integer",
                "value": 0
              }
            ]
          }
        },
        "Initialize_variable_SignIns": {
          "runAfter": {
            "Initialize_variable_countVarArray": [
              "Succeeded"
            ]
          },
          "metadata": {
            "operationMetadataId": "ed78efe8-2967-455a-8d1a-abb8b11b6a64"
          },
          "type": "InitializeVariable",
          "inputs": {
            "variables": [
              {
                "name": "countvarSignIns",
                "type": "integer",
                "value": 0
              }
            ]
          }
        },
        "clear_Flow_Progress_Logs": {
          "runAfter": {
            "Initialize_MFAStatus": [
              "Succeeded"
            ]
          },
          "metadata": {
            "operationMetadataId": "aa087b82-e6af-46a6-a51e-939be2805b7a"
          },
          "type": "OpenApiConnection",
          "inputs": {
            "host": {
              "connectionName": "shared_commondataserviceforapps",
              "operationId": "ListRecords",
              "apiId": "/providers/Microsoft.PowerApps/apis/shared_commondataserviceforapps"
            },
            "parameters": {
              "entityName": "new_flowprogresslogs"
            },
            "authentication": "@parameters('$authentication')"
          }
        },
        "clear_flowprogresslogs_action": {
          "foreach": "@outputs('clear_Flow_Progress_Logs')?['body/value']",
          "actions": {
            "Delete_a_row": {
              "runAfter": {},
              "metadata": {
                "operationMetadataId": "9a9ea58e-058a-40f0-867f-02f1df16f521"
              },
              "type": "OpenApiConnection",
              "inputs": {
                "host": {
                  "connectionName": "shared_commondataserviceforapps",
                  "operationId": "DeleteRecord",
                  "apiId": "/providers/Microsoft.PowerApps/apis/shared_commondataserviceforapps"
                },
                "parameters": {
                  "entityName": "new_flowprogresslogs",
                  "recordId": "@items('clear_flowprogresslogs_action')?['new_flowprogresslogid']"
                },
                "authentication": "@parameters('$authentication')"
              }
            }
          },
          "runAfter": {
            "clear_Flow_Progress_Logs": [
              "Succeeded"
            ]
          },
          "metadata": {
            "operationMetadataId": "0c0167ce-f528-43a8-bd03-6f001f1f7dfe"
          },
          "type": "Foreach"
        }
      }
    },
    "templateName": ""
  },
  "schemaVersion": "1.0.0.0"
}